title,price,sku,availability,url
Mantis X Pro,$100,,In stock,https://www.riderawrr.com/product/72v-mantis-mini-r
Mantis X Pro,$100,,In stock,https://www.riderawrr.com/product/72v-mantis-power-cord
Mantis X Pro,$100,,In stock,https://www.riderawrr.com/product/72v-rawrr-mantis-charging-portal-rubber-cover
Mantis X Pro,$100,,In stock,https://www.riderawrr.com/product/72v-rawrr-mantis-motor-oil-plug
Mantis X Pro,$100,,In stock,https://www.riderawrr.com/product/72v-rawrr-mantis-x
Mantis X Pro,$100,,In stock,https://www.riderawrr.com/product/mantis-graphic-kit
Mantis X Pro,$100,,In stock,https://www.riderawrr.com/product/mantis-mini-battery-48v
Mantis X Pro,$100,,In stock,https://www.riderawrr.com/product/mantis-mini-instrument-panel-dash
Mantis X Pro,$100,,In stock,https://www.riderawrr.com/product/mantis-mini-motor-sprocket
Mantis X Pro,$100,,In stock,https://www.riderawrr.com/product/mantis-mini-r-17-upgrade-kit
Mantis X Pro,$100,,In stock,https://www.riderawrr.com/product/mantis-mini-r-upgrade-kit
Mantis X Pro,$100,,In stock,https://www.riderawrr.com/product/mantis-mini-x-dash
Mantis X Pro,$100,,In stock,https://www.riderawrr.com/product/mantis-x-camo-custom-graphic-kit
Mantis X Pro,$100,,In stock,https://www.riderawrr.com/product/mantis-x-motor-sprocket
Mantis X Pro,$100,,In stock,https://www.riderawrr.com/product/mantis-x-pro-motor-sprocket
Mantis X Pro,$100,Parts,In stock,https://www.riderawrr.com/product/mantis-x-rear-fork-alone-swing-arm-alone
Mantis X Pro,$100,,In stock,https://www.riderawrr.com/product/rawrr-72v-mantis-flat-seat
Mantis X Pro,$100,,In stock,https://www.riderawrr.com/product/rawrr-mantis-60v-battery
Mantis X Pro,$100,,In stock,https://www.riderawrr.com/product/rawrr-mantis-60v-battery-charger
Mantis X Pro,$100,,In stock,https://www.riderawrr.com/product/rawrr-mantis-72v-battery
Mantis X Pro,$100,,In stock,https://www.riderawrr.com/product/rawrr-mantis-72v-battery-charger
Mantis X Pro,$100,,In stock,https://www.riderawrr.com/product/rawrr-mantis-72v-bluetooth-receiver
Mantis X Pro,$100,,In stock,https://www.riderawrr.com/product/rawrr-mantis-all-terrain-electric-bike
Mantis X Pro,$100,,In stock,https://www.riderawrr.com/product/rawrr-mantis-battery-blocking
Mantis X Pro,$100,,In stock,https://www.riderawrr.com/product/rawrr-mantis-battery-box-guide-plate
Mantis X Pro,$100,,In stock,https://www.riderawrr.com/product/rawrr-mantis-battery-box-guide-plate-right
Mantis X Pro,$100,,In stock,https://www.riderawrr.com/product/rawrr-mantis-black-chain-guard-assembly
Mantis X Pro,$100,,In stock,https://www.riderawrr.com/product/rawrr-mantis-brake-pads
Mantis X Pro,$100,,In stock,https://www.riderawrr.com/product/rawrr-mantis-brake-pads-copy
Mantis X Pro,$100,,In stock,https://www.riderawrr.com/product/rawrr-mantis-chain
Mantis X Pro,$100,,In stock,https://www.riderawrr.com/product/rawrr-mantis-chain-guard-assembly-sliver
Mantis X Pro,$100,,In stock,https://www.riderawrr.com/product/rawrr-mantis-chain-roller-assembly
Mantis X Pro,$100,,In stock,https://www.riderawrr.com/product/rawrr-mantis-controller
Mantis X Pro,$100,,In stock,https://www.riderawrr.com/product/rawrr-mantis-controller-cable
Mantis X Pro,$100,,In stock,https://www.riderawrr.com/product/rawrr-mantis-controller-cover
Mantis X Pro,$100,,In stock,https://www.riderawrr.com/product/rawrr-mantis-converter-72v
Mantis X Pro,$100,,In stock,https://www.riderawrr.com/product/rawrr-mantis-dash-bracket
Mantis X Pro,$100,,In stock,https://www.riderawrr.com/product/rawrr-mantis-decal
Mantis X Pro,$100,,In stock,https://www.riderawrr.com/product/rawrr-mantis-foot-peg-bracket-black
Mantis X Pro,$100,,In stock,https://www.riderawrr.com/product/rawrr-mantis-foot-peg-bracket-sliver
Mantis X Pro,$100,,In stock,https://www.riderawrr.com/product/rawrr-mantis-frame-black
Mantis X Pro,$100,,In stock,https://www.riderawrr.com/product/rawrr-mantis-frame-bracket
Mantis X Pro,$100,,In stock,https://www.riderawrr.com/product/rawrr-mantis-frame-sliver
Mantis X Pro,$100,,In stock,https://www.riderawrr.com/product/rawrr-mantis-front-brake-assembly
Mantis X Pro,$100,,In stock,https://www.riderawrr.com/product/rawrr-mantis-front-brake-upper-pump
Mantis X Pro,$100,,In stock,https://www.riderawrr.com/product/rawrr-mantis-front-fender
Mantis X Pro,$100,,In stock,https://www.riderawrr.com/product/rawrr-mantis-front-fork-bearing
Mantis X Pro,$100,,In stock,https://www.riderawrr.com/product/rawrr-mantis-front-fork-copy
Mantis X Pro,$100,,In stock,https://www.riderawrr.com/product/rawrr-mantis-front-seat-base
Mantis X Pro,$100,,In stock,https://www.riderawrr.com/product/rawrr-mantis-front-tire
Mantis X Pro,$100,,In stock,https://www.riderawrr.com/product/rawrr-mantis-front-wheel
Mantis X Pro,$100,,In stock,https://www.riderawrr.com/product/rawrr-mantis-front-wheel-bearing
Mantis X Pro,$100,,In stock,https://www.riderawrr.com/product/rawrr-mantis-front-wheel-hub
Mantis X Pro,$100,,In stock,https://www.riderawrr.com/product/rawrr-mantis-front-wheel-i-copy
Mantis X Pro,$100,,In stock,https://www.riderawrr.com/product/rawrr-mantis-front-wheel-ii-copy
Mantis X Pro,$100,,In stock,https://www.riderawrr.com/product/rawrr-mantis-grips
Mantis X Pro,$100,,In stock,https://www.riderawrr.com/product/rawrr-mantis-handlebar-assembly
Mantis X Pro,$100,,In stock,https://www.riderawrr.com/product/rawrr-mantis-handlebar-bracket
Mantis X Pro,$100,,In stock,https://www.riderawrr.com/product/rawrr-mantis-handlebar-copy
Mantis X Pro,$100,,In stock,https://www.riderawrr.com/product/rawrr-mantis-handlebar-heightening-block
Mantis X Pro,$100,,In stock,https://www.riderawrr.com/product/rawrr-mantis-headlight-assembly
Mantis X Pro,$100,,In stock,https://www.riderawrr.com/product/rawrr-mantis-headlight-bracket
Mantis X Pro,$100,,In stock,https://www.riderawrr.com/product/rawrr-mantis-horn-assembly
Mantis X Pro,$100,,In stock,https://www.riderawrr.com/product/rawrr-mantis-ignition
Mantis X Pro,$100,,In stock,https://www.riderawrr.com/product/rawrr-mantis-instrument-panel-12v-dash
Mantis X Pro,$100,,In stock,https://www.riderawrr.com/product/rawrr-mantis-instrument-panel-12v-dash-copy
Mantis X Pro,$100,,In stock,https://www.riderawrr.com/product/rawrr-mantis-kickstand-assembly-sliver
Mantis X Pro,$100,,In stock,https://www.riderawrr.com/product/rawrr-mantis-kickstand-foot
Mantis X Pro,$100,,In stock,https://www.riderawrr.com/product/rawrr-mantis-kickstand-sensor
Mantis X Pro,$100,,In stock,https://www.riderawrr.com/product/rawrr-mantis-kickstand-sensor-copy
Mantis X Pro,$100,Parts,In stock,https://www.riderawrr.com/product/rawrr-mantis-kickstand-sensor-old
Mantis X Pro,$100,,In stock,https://www.riderawrr.com/product/rawrr-mantis-left-foot-peg-black
Mantis X Pro,$100,,In stock,https://www.riderawrr.com/product/rawrr-mantis-left-foot-peg-silver
Mantis X Pro,$100,,In stock,https://www.riderawrr.com/product/rawrr-mantis-left-foot-peg-silver-copy
Mantis X Pro,$100,,In stock,https://www.riderawrr.com/product/rawrr-mantis-main-harness
Mantis X Pro,$100,,In stock,https://www.riderawrr.com/product/rawrr-mantis-mini-battery-48v-copy
Mantis X Pro,$100,,In stock,https://www.riderawrr.com/product/rawrr-mantis-mini-brake-pads
Mantis X Pro,$100,,In stock,https://www.riderawrr.com/product/rawrr-mantis-mini-chain
Mantis X Pro,$100,,In stock,https://www.riderawrr.com/product/rawrr-mantis-mini-charging-portal-rubber-cover-copy
Mantis X Pro,$100,,In stock,https://www.riderawrr.com/product/rawrr-mantis-mini-controller-assembly
Mantis X Pro,$100,,In stock,https://www.riderawrr.com/product/rawrr-mantis-mini-controller-assembly-copy
Mantis X Pro,$100,,In stock,https://www.riderawrr.com/product/rawrr-mantis-mini-controller-cable
Mantis X Pro,$100,,In stock,https://www.riderawrr.com/product/rawrr-mantis-mini-dash
Mantis X Pro,$100,,In stock,https://www.riderawrr.com/product/rawrr-mantis-mini-front-brake-upper-pump
Mantis X Pro,$100,,In stock,https://www.riderawrr.com/product/rawrr-mantis-mini-front-brake-upper-pump-copy
Mantis X Pro,$100,,In stock,https://www.riderawrr.com/product/rawrr-mantis-mini-front-disc-brake-assembly
Mantis X Pro,$100,,In stock,https://www.riderawrr.com/product/rawrr-mantis-mini-front-fender
Mantis X Pro,$100,,In stock,https://www.riderawrr.com/product/rawrr-mantis-mini-front-shock-assembly
Mantis X Pro,$100,,In stock,https://www.riderawrr.com/product/rawrr-mantis-mini-front-shock-fender-assembly
Mantis X Pro,$100,,In stock,https://www.riderawrr.com/product/rawrr-mantis-mini-front-tire
Mantis X Pro,$100,,In stock,https://www.riderawrr.com/product/rawrr-mantis-mini-front-wheel-assembly
Mantis X Pro,$100,,In stock,https://www.riderawrr.com/product/rawrr-mantis-mini-front-wheel-assembly-copy
Mantis X Pro,$100,,In stock,https://www.riderawrr.com/product/rawrr-mantis-mini-front-wheel-hub
Mantis X Pro,$100,,In stock,https://www.riderawrr.com/product/rawrr-mantis-mini-grips
Mantis X Pro,$100,,In stock,https://www.riderawrr.com/product/rawrr-mantis-mini-handlebar
Mantis X Pro,$100,,In stock,https://www.riderawrr.com/product/rawrr-mantis-mini-handlebar-bracket-assembly
Mantis X Pro,$100,,In stock,https://www.riderawrr.com/product/rawrr-mantis-mini-headlight-assembly
Mantis X Pro,$100,,In stock,https://www.riderawrr.com/product/rawrr-mantis-mini-kickstand-assembly
Mantis X Pro,$100,,In stock,https://www.riderawrr.com/product/rawrr-mantis-mini-kickstandfoot
Mantis X Pro,$100,,In stock,https://www.riderawrr.com/product/rawrr-mantis-mini-left-switch-assembly
Mantis X Pro,$100,,In stock,https://www.riderawrr.com/product/rawrr-mantis-mini-magnetic-switch
Mantis X Pro,$100,,In stock,https://www.riderawrr.com/product/rawrr-mantis-mini-main-harness
Mantis X Pro,$100,,In stock,https://www.riderawrr.com/product/rawrr-mantis-mini-motor
Mantis X Pro,$100,,In stock,https://www.riderawrr.com/product/rawrr-mantis-mini-one-key-off-switch
Mantis X Pro,$100,,In stock,https://www.riderawrr.com/product/rawrr-mantis-mini-peg-assembly
Mantis X Pro,$100,,In stock,https://www.riderawrr.com/product/rawrr-mantis-mini-peg-assembly-copy
Mantis X Pro,$100,,In stock,https://www.riderawrr.com/product/rawrr-mantis-mini-peg-bracket
Mantis X Pro,$100,,In stock,https://www.riderawrr.com/product/rawrr-mantis-mini-power-cord
Mantis X Pro,$100,,In stock,https://www.riderawrr.com/product/rawrr-mantis-mini-r-front-rim14inch60-100-14
Mantis X Pro,$100,Parts,In stock,https://www.riderawrr.com/product/rawrr-mantis-mini-r-front-tire-14inch60-100-14
Mantis X Pro,$100,,In stock,https://www.riderawrr.com/product/rawrr-mantis-mini-r-r17-charger
Mantis X Pro,$100,,In stock,https://www.riderawrr.com/product/rawrr-mantis-mini-r-r17-controller-assembly
Mantis X Pro,$100,,In stock,https://www.riderawrr.com/product/rawrr-mantis-mini-r-r17-fixing-assembly-copy
Mantis X Pro,$100,,In stock,https://www.riderawrr.com/product/rawrr-mantis-mini-r-r17-front-disc-brake-assembly
Mantis X Pro,$100,,In stock,https://www.riderawrr.com/product/rawrr-mantis-mini-r-r17-front-disc-brake-fuel-line-copy
Mantis X Pro,$100,,In stock,https://www.riderawrr.com/product/rawrr-mantis-mini-r-r17-front-shock-assembly-copy
Mantis X Pro,$100,,In stock,https://www.riderawrr.com/product/rawrr-mantis-mini-r-r17-front-wheel-axle-assembly
Mantis X Pro,$100,,In stock,https://www.riderawrr.com/product/rawrr-mantis-mini-r-r17-headlight-assembly
Mantis X Pro,$100,,In stock,https://www.riderawrr.com/product/rawrr-mantis-mini-r-r17-left-peg-assembly-copy
Mantis X Pro,$100,,In stock,https://www.riderawrr.com/product/rawrr-mantis-mini-r-r17-motor
Mantis X Pro,$100,,In stock,https://www.riderawrr.com/product/rawrr-mantis-mini-r-r17-oem-decal
Mantis X Pro,$100,,In stock,https://www.riderawrr.com/product/rawrr-mantis-mini-r-r17-oem-decal-copy
Mantis X Pro,$100,,In stock,https://www.riderawrr.com/product/rawrr-mantis-mini-r-r17-rear-disc-brake-assembly
Mantis X Pro,$100,,In stock,https://www.riderawrr.com/product/rawrr-mantis-mini-r-r17-rear-fender-copy
Mantis X Pro,$100,,In stock,https://www.riderawrr.com/product/rawrr-mantis-mini-r-r17-rear-fork-assembly
Mantis X Pro,$100,,In stock,https://www.riderawrr.com/product/rawrr-mantis-mini-r-r17-rear-reflector-assembly
Mantis X Pro,$100,,In stock,https://www.riderawrr.com/product/rawrr-mantis-mini-r-r17-rear-shock-assembly
Mantis X Pro,$100,,In stock,https://www.riderawrr.com/product/rawrr-mantis-mini-r-r17-right-peg-assembly
Mantis X Pro,$100,,In stock,https://www.riderawrr.com/product/rawrr-mantis-mini-r-rear-rim-for-12inch70-100-12-tire
Mantis X Pro,$100,Parts,In stock,https://www.riderawrr.com/product/rawrr-mantis-mini-r-rear-tire-12inch70-100-12
Mantis X Pro,$100,,In stock,https://www.riderawrr.com/product/rawrr-mantis-mini-r-rear-wheel-assembly
Mantis X Pro,$100,,In stock,https://www.riderawrr.com/product/rawrr-mantis-mini-r-rear-wheel-sprocket-assembly
Mantis X Pro,$100,,In stock,https://www.riderawrr.com/product/rawrr-mantis-mini-r-series-tensioning-wheel-assembly
Mantis X Pro,$100,,In stock,https://www.riderawrr.com/product/rawrr-mantis-mini-r17-front-rim-for-14inch60-100-14-tire-copy
Mantis X Pro,$100,Parts,In stock,https://www.riderawrr.com/product/rawrr-mantis-mini-r17-front-tire-17inch-70-100-17
Mantis X Pro,$100,,In stock,https://www.riderawrr.com/product/rawrr-mantis-mini-r17-front-wheel-assembly-copy
Mantis X Pro,$100,,In stock,https://www.riderawrr.com/product/rawrr-mantis-mini-r17-kickstand-assembly
Mantis X Pro,$100,,In stock,https://www.riderawrr.com/product/rawrr-mantis-mini-r17-rear-rim-for-3-0-14-p75-tire
Mantis X Pro,$100,Parts,In stock,https://www.riderawrr.com/product/rawrr-mantis-mini-r17-rear-tire-14inch-70-100-14
Mantis X Pro,$100,,In stock,https://www.riderawrr.com/product/rawrr-mantis-mini-r17-rear-wheel-assembly
Mantis X Pro,$100,,In stock,https://www.riderawrr.com/product/rawrr-mantis-mini-rear-brake-upper-pump
Mantis X Pro,$100,,In stock,https://www.riderawrr.com/product/rawrr-mantis-mini-rear-disc-brake-assembly
Mantis X Pro,$100,,In stock,https://www.riderawrr.com/product/rawrr-mantis-mini-rear-fender
Mantis X Pro,$100,,In stock,https://www.riderawrr.com/product/rawrr-mantis-mini-rear-fork-rotation-assembly-copy
Mantis X Pro,$100,,In stock,https://www.riderawrr.com/product/rawrr-mantis-mini-rear-mudguard
Mantis X Pro,$100,,In stock,https://www.riderawrr.com/product/rawrr-mantis-mini-rear-shock-assembly
Mantis X Pro,$100,,In stock,https://www.riderawrr.com/product/rawrr-mantis-mini-rear-tire
Mantis X Pro,$100,,In stock,https://www.riderawrr.com/product/rawrr-mantis-mini-rear-wheel-hub
Mantis X Pro,$100,,In stock,https://www.riderawrr.com/product/rawrr-mantis-mini-rear-wheel-hub-copy
Mantis X Pro,$100,,In stock,https://www.riderawrr.com/product/rawrr-mantis-mini-reartail-assembly
Mantis X Pro,$100,,In stock,https://www.riderawrr.com/product/rawrr-mantis-mini-right-throttle
Mantis X Pro,$100,,In stock,https://www.riderawrr.com/product/rawrr-mantis-mini-rotor-assembly
Mantis X Pro,$100,,In stock,https://www.riderawrr.com/product/rawrr-mantis-mini-seat-assembly
Mantis X Pro,$100,,In stock,https://www.riderawrr.com/product/rawrr-mantis-mini-seat-cushion-lock
Mantis X Pro,$100,,In stock,https://www.riderawrr.com/product/rawrr-mantis-mini-wheel-jack-piece-copy
Mantis X Pro,$100,,In stock,https://www.riderawrr.com/product/rawrr-mantis-motor
Mantis X Pro,$100,,In stock,https://www.riderawrr.com/product/rawrr-mantis-motor-cover
Mantis X Pro,$100,,In stock,https://www.riderawrr.com/product/rawrr-mantis-motor-sprocket
Mantis X Pro,$100,,In stock,https://www.riderawrr.com/product/rawrr-mantis-non-flat-seat
Mantis X Pro,$100,,In stock,https://www.riderawrr.com/product/rawrr-mantis-number-plate
Mantis X Pro,$100,,In stock,https://www.riderawrr.com/product/rawrr-mantis-power-off-switch-assembly
Mantis X Pro,$100,,In stock,https://www.riderawrr.com/product/rawrr-mantis-pro-x-rear-reflector-bracket-assembly
Mantis X Pro,$100,,In stock,https://www.riderawrr.com/product/rawrr-mantis-r-r17-rear-brake-upper-pump
Mantis X Pro,$100,,In stock,https://www.riderawrr.com/product/rawrr-mantis-rear-brake-assembly
Mantis X Pro,$100,,In stock,https://www.riderawrr.com/product/rawrr-mantis-rear-brake-assembly-copy
Mantis X Pro,$100,,In stock,https://www.riderawrr.com/product/rawrr-mantis-rear-brake-bracket
Mantis X Pro,$100,,In stock,https://www.riderawrr.com/product/rawrr-mantis-rear-fender
Mantis X Pro,$100,,In stock,https://www.riderawrr.com/product/rawrr-mantis-rear-fork-black
Mantis X Pro,$100,,In stock,https://www.riderawrr.com/product/rawrr-mantis-rear-seat
Mantis X Pro,$100,,In stock,https://www.riderawrr.com/product/rawrr-mantis-rear-seat-base
Mantis X Pro,$100,,In stock,https://www.riderawrr.com/product/rawrr-mantis-rear-subframe-assembly-black
Mantis X Pro,$100,,In stock,https://www.riderawrr.com/product/rawrr-mantis-rear-subframe-assembly-sliver
Mantis X Pro,$100,,In stock,https://www.riderawrr.com/product/rawrr-mantis-rear-tire
Mantis X Pro,$100,,In stock,https://www.riderawrr.com/product/rawrr-mantis-rear-wheel-assembly-assembly
Mantis X Pro,$100,,In stock,https://www.riderawrr.com/product/rawrr-mantis-rear-wheel-axle
Mantis X Pro,$100,,In stock,https://www.riderawrr.com/product/rawrr-mantis-rear-wheel-axle-copy
Mantis X Pro,$100,,In stock,https://www.riderawrr.com/product/rawrr-mantis-rear-wheel-bearing
Mantis X Pro,$100,,In stock,https://www.riderawrr.com/product/rawrr-mantis-rear-wheel-hub
Mantis X Pro,$100,,In stock,https://www.riderawrr.com/product/rawrr-mantis-rear-wheel-spacer
Mantis X Pro,$100,,In stock,https://www.riderawrr.com/product/rawrr-mantis-rear-wheel-spacer-i
Mantis X Pro,$100,,In stock,https://www.riderawrr.com/product/rawrr-mantis-rear-wheel-sprocket
Mantis X Pro,$100,,In stock,https://www.riderawrr.com/product/rawrr-mantis-rear-wheel-sprocket-copy
Mantis X Pro,$100,,In stock,https://www.riderawrr.com/product/rawrr-mantis-right-foot-peg-black
Mantis X Pro,$100,,In stock,https://www.riderawrr.com/product/rawrr-mantis-right-foot-peg-silver
Mantis X Pro,$100,Accessory,In stock,https://www.riderawrr.com/product/rawrr-mantis-right-switch-assembly
Mantis X Pro,$100,,In stock,https://www.riderawrr.com/product/rawrr-mantis-right-switch-assembly-throttle-copy
Mantis X Pro,$100,,In stock,https://www.riderawrr.com/product/rawrr-mantis-s-left-brake-lever-copy
Mantis X Pro,$100,,In stock,https://www.riderawrr.com/product/rawrr-mantis-seat-lock
Mantis X Pro,$100,,In stock,https://www.riderawrr.com/product/rawrr-mantis-tensioning-wheel-assembly
Mantis X Pro,$100,,In stock,https://www.riderawrr.com/product/rawrr-mantis-tool-box
Mantis X Pro,$100,,In stock,https://www.riderawrr.com/product/rawrr-mantis-x-72v30ah-battery
Mantis X Pro,$100,,In stock,https://www.riderawrr.com/product/rawrr-mantis-x-breaker-assembly
Mantis X Pro,$100,,In stock,https://www.riderawrr.com/product/rawrr-mantis-x-chain
Mantis X Pro,$100,,In stock,https://www.riderawrr.com/product/rawrr-mantis-x-chain-copy
Mantis X Pro,$100,,In stock,https://www.riderawrr.com/product/rawrr-mantis-x-charger
Mantis X Pro,$100,,In stock,https://www.riderawrr.com/product/rawrr-mantis-x-charging-portal-rubber-cover
Mantis X Pro,$100,,In stock,https://www.riderawrr.com/product/rawrr-mantis-x-controller-assembly
Mantis X Pro,$100,,In stock,https://www.riderawrr.com/product/rawrr-mantis-x-controller-cable
Mantis X Pro,$100,,In stock,https://www.riderawrr.com/product/rawrr-mantis-x-converter
Mantis X Pro,$100,,In stock,https://www.riderawrr.com/product/rawrr-mantis-x-dot-4-0-front-brake-upper-pump
Mantis X Pro,$100,,In stock,https://www.riderawrr.com/product/rawrr-mantis-x-dot-4-0-front-disc-brake-fuel-line
Mantis X Pro,$100,,In stock,https://www.riderawrr.com/product/rawrr-mantis-x-dot-4-0-rear-brake-upper-pump
Mantis X Pro,$100,,In stock,https://www.riderawrr.com/product/rawrr-mantis-x-dot-4-0-rear-disc-brake-fuel-line
Mantis X Pro,$100,Accessory,In stock,https://www.riderawrr.com/product/rawrr-mantis-x-foot-peg
Mantis X Pro,$100,,In stock,https://www.riderawrr.com/product/rawrr-mantis-x-foot-peg-assembly
Mantis X Pro,$100,Accessory,In stock,https://www.riderawrr.com/product/rawrr-mantis-x-foot-peg-right
Mantis X Pro,$100,,In stock,https://www.riderawrr.com/product/rawrr-mantis-x-front-axle-assembly
Mantis X Pro,$100,,In stock,https://www.riderawrr.com/product/rawrr-mantis-x-front-brake-upper-pump
Mantis X Pro,$100,,In stock,https://www.riderawrr.com/product/rawrr-mantis-x-front-disc-brake-assembly
Mantis X Pro,$100,,In stock,https://www.riderawrr.com/product/rawrr-mantis-x-front-disc-brake-assembly-with-4-0-fluid
Mantis X Pro,$100,,In stock,https://www.riderawrr.com/product/rawrr-mantis-x-front-disc-brake-fuel-line
Mantis X Pro,$100,,In stock,https://www.riderawrr.com/product/rawrr-mantis-x-front-disc-brake-fuel-line-copy
Mantis X Pro,$100,,In stock,https://www.riderawrr.com/product/rawrr-mantis-x-front-fender
Mantis X Pro,$100,,In stock,https://www.riderawrr.com/product/rawrr-mantis-x-front-fork-assembly
Mantis X Pro,$100,,In stock,https://www.riderawrr.com/product/rawrr-mantis-x-front-fork-assembly-1
Mantis X Pro,$100,,In stock,https://www.riderawrr.com/product/rawrr-mantis-x-front-roter-assembly
Mantis X Pro,$100,,In stock,https://www.riderawrr.com/product/rawrr-mantis-x-front-seat-base-assembly
Mantis X Pro,$100,,In stock,https://www.riderawrr.com/product/rawrr-mantis-x-front-shock-triple-tree
Mantis X Pro,$100,,In stock,https://www.riderawrr.com/product/rawrr-mantis-x-front-tire
Mantis X Pro,$100,,In stock,https://www.riderawrr.com/product/rawrr-mantis-x-front-wheel-assembly
Mantis X Pro,$100,,In stock,https://www.riderawrr.com/product/rawrr-mantis-x-front-wheel-axle-assembly
Mantis X Pro,$100,,In stock,https://www.riderawrr.com/product/rawrr-mantis-x-front-wheel-hub
Mantis X Pro,$100,,In stock,https://www.riderawrr.com/product/rawrr-mantis-x-front-wheel-spacers-assembly
Mantis X Pro,$100,,In stock,https://www.riderawrr.com/product/rawrr-mantis-x-grips
Mantis X Pro,$100,,In stock,https://www.riderawrr.com/product/rawrr-mantis-x-handlebar
Mantis X Pro,$100,,In stock,https://www.riderawrr.com/product/rawrr-mantis-x-horn-assembly
Mantis X Pro,$100,,In stock,https://www.riderawrr.com/product/rawrr-mantis-x-ignition-assembly
Mantis X Pro,$100,,In stock,https://www.riderawrr.com/product/rawrr-mantis-x-kickstand-assembly
Mantis X Pro,$100,,In stock,https://www.riderawrr.com/product/rawrr-mantis-x-kickstand-foot
Mantis X Pro,$100,,In stock,https://www.riderawrr.com/product/rawrr-mantis-x-left-switch-assembly
Mantis X Pro,$100,,In stock,https://www.riderawrr.com/product/rawrr-mantis-x-main-harness
Mantis X Pro,$100,,In stock,https://www.riderawrr.com/product/rawrr-mantis-x-motor-assembly
Mantis X Pro,$100,,In stock,https://www.riderawrr.com/product/rawrr-mantis-x-oem-decal
Mantis X Pro,$100,,In stock,https://www.riderawrr.com/product/rawrr-mantis-x-peg-install-kit-l-r
Mantis X Pro,$100,,In stock,https://www.riderawrr.com/product/rawrr-mantis-x-power-cord
Mantis X Pro,$100,,In stock,https://www.riderawrr.com/product/rawrr-mantis-x-pro
Mantis X Pro,$100,,In stock,https://www.riderawrr.com/product/rawrr-mantis-x-pro-battery
Mantis X Pro,$100,,In stock,https://www.riderawrr.com/product/rawrr-mantis-x-pro-chain-guide-assembly
Mantis X Pro,$100,,In stock,https://www.riderawrr.com/product/rawrr-mantis-x-pro-charger
Mantis X Pro,$100,,In stock,https://www.riderawrr.com/product/rawrr-mantis-x-pro-connecting-rod-fixing-assembly
Mantis X Pro,$100,,In stock,https://www.riderawrr.com/product/rawrr-mantis-x-pro-controller-assembly
Mantis X Pro,$100,,In stock,https://www.riderawrr.com/product/rawrr-mantis-x-pro-front-brake-upper-pump
Mantis X Pro,$100,,In stock,https://www.riderawrr.com/product/rawrr-mantis-x-pro-front-disc-brake-assembly
Mantis X Pro,$100,,In stock,https://www.riderawrr.com/product/rawrr-mantis-x-pro-front-rotor-assembly
Mantis X Pro,$100,,In stock,https://www.riderawrr.com/product/rawrr-mantis-x-pro-front-shock-fender-assembly
Mantis X Pro,$100,,In stock,https://www.riderawrr.com/product/rawrr-mantis-x-pro-left-switch
Mantis X Pro,$100,,In stock,https://www.riderawrr.com/product/rawrr-mantis-x-pro-main-harness
Mantis X Pro,$100,,In stock,https://www.riderawrr.com/product/rawrr-mantis-x-pro-motor-assembly
Mantis X Pro,$100,,In stock,https://www.riderawrr.com/product/rawrr-mantis-x-pro-rear-brake-upper-pump
Mantis X Pro,$100,,In stock,https://www.riderawrr.com/product/rawrr-mantis-x-pro-rear-disc-brake-assembly
Mantis X Pro,$100,,In stock,https://www.riderawrr.com/product/rawrr-mantis-x-pro-rear-reflector-assembly
Mantis X Pro,$100,,In stock,https://www.riderawrr.com/product/rawrr-mantis-x-pro-rear-rotor-assembly
Mantis X Pro,$100,,In stock,https://www.riderawrr.com/product/rawrr-mantis-x-pro-rear-sprocket-assembly
Mantis X Pro,$100,,In stock,https://www.riderawrr.com/product/rawrr-mantis-x-pro-rear-tire
Mantis X Pro,$100,,In stock,https://www.riderawrr.com/product/rawrr-mantis-x-pro-rear-wheel-assembly
Mantis X Pro,$100,,In stock,https://www.riderawrr.com/product/rawrr-mantis-x-pro-rear-wheel-hub
Mantis X Pro,$100,,In stock,https://www.riderawrr.com/product/rawrr-mantis-x-pro-right-function-switch
Mantis X Pro,$100,,In stock,https://www.riderawrr.com/product/rawrr-mantis-x-pro-taillight-assembly
Mantis X Pro,$100,,In stock,https://www.riderawrr.com/product/rawrr-mantis-x-pro-throttle
Mantis X Pro,$100,,In stock,https://www.riderawrr.com/product/rawrr-mantis-x-rear-brake-pump-bracket
Mantis X Pro,$100,,In stock,https://www.riderawrr.com/product/rawrr-mantis-x-rear-brake-upper-pump
Mantis X Pro,$100,,In stock,https://www.riderawrr.com/product/rawrr-mantis-x-rear-disc-brake-assembly
Mantis X Pro,$100,,In stock,https://www.riderawrr.com/product/rawrr-mantis-x-rear-disc-brake-assembly-with-dot-4-0-fluid
Mantis X Pro,$100,,In stock,https://www.riderawrr.com/product/rawrr-mantis-x-rear-disc-brake-fuel-line
Mantis X Pro,$100,,In stock,https://www.riderawrr.com/product/rawrr-mantis-x-rear-fender-assembly
Mantis X Pro,$100,,In stock,https://www.riderawrr.com/product/rawrr-mantis-x-rear-fork-rotation-assembly
Mantis X Pro,$100,,In stock,https://www.riderawrr.com/product/rawrr-mantis-x-rear-linkage-assembly
Mantis X Pro,$100,,In stock,https://www.riderawrr.com/product/rawrr-mantis-x-rear-mudguard-assembly
Mantis X Pro,$100,,In stock,https://www.riderawrr.com/product/rawrr-mantis-x-rear-roter-assembly-copy
Mantis X Pro,$100,,In stock,https://www.riderawrr.com/product/rawrr-mantis-x-rear-seat-base-assembly
Mantis X Pro,$100,,In stock,https://www.riderawrr.com/product/rawrr-mantis-x-rear-shock-assembly
Mantis X Pro,$100,,In stock,https://www.riderawrr.com/product/rawrr-mantis-x-rear-shock-assembly-copy
Mantis X Pro,$100,,In stock,https://www.riderawrr.com/product/rawrr-mantis-x-rear-subframe-assembly-black
Mantis X Pro,$100,,In stock,https://www.riderawrr.com/product/rawrr-mantis-x-rear-tire
Mantis X Pro,$100,,In stock,https://www.riderawrr.com/product/rawrr-mantis-x-rear-wheel-assembly
Mantis X Pro,$100,,In stock,https://www.riderawrr.com/product/rawrr-mantis-x-rear-wheel-assembly-1
Mantis X Pro,$100,,In stock,https://www.riderawrr.com/product/rawrr-mantis-x-rear-wheel-axle-assembly
Mantis X Pro,$100,,In stock,https://www.riderawrr.com/product/rawrr-mantis-x-rear-wheel-hub
Mantis X Pro,$100,,In stock,https://www.riderawrr.com/product/rawrr-mantis-x-right-right-handlebar
Mantis X Pro,$100,,In stock,https://www.riderawrr.com/product/rawrr-mantis-x-right-switch-assembly
Mantis X Pro,$100,,In stock,https://www.riderawrr.com/product/rawrr-mantis-x-seat
Mantis X Pro,$100,,In stock,https://www.riderawrr.com/product/rawrr-mantis-x-wheel-jack-piece
Mantis X Pro,$100,,In stock,https://www.riderawrr.com/product/upgraded-mantis-x-battery
